PassengerId,Survived,Pclass,Sex,Age,SibSp,Parch,Fare,Embarked,Is_cabin,Title
1,0.0,3,male,22.0,1,0,7.25,S,False,Mr
2,1.0,1,female,38.0,1,0,71.2833,C,True,Mrs
3,1.0,3,female,26.0,0,0,7.925,S,False,Miss
4,1.0,1,female,35.0,1,0,53.1,S,True,Mrs
5,0.0,3,male,35.0,0,0,8.05,S,False,Mr
6,0.0,3,male,,0,0,8.4583,Q,False,Mr
7,0.0,1,male,54.0,0,0,51.8625,S,True,Mr
8,0.0,3,male,2.0,3,1,21.075,S,False,Master
9,1.0,3,female,27.0,0,2,11.1333,S,False,Mrs
10,1.0,2,female,14.0,1,0,30.0708,C,False,Mrs
11,1.0,3,female,4.0,1,1,16.7,S,True,Miss
12,1.0,1,female,58.0,0,0,26.55,S,True,Miss
13,0.0,3,male,20.0,0,0,8.05,S,False,Mr
14,0.0,3,male,39.0,1,5,31.275,S,False,Mr
15,0.0,3,female,14.0,0,0,7.8542,S,False,Miss
16,1.0,2,female,55.0,0,0,16.0,S,False,Mrs
17,0.0,3,male,2.0,4,1,29.125,Q,False,Master
18,1.0,2,male,,0,0,13.0,S,False,Mr
19,0.0,3,female,31.0,1,0,18.0,S,False,Mrs
20,1.0,3,female,,0,0,7.225,C,False,Mrs
21,0.0,2,male,35.0,0,0,26.0,S,False,Mr
22,1.0,2,male,34.0,0,0,13.0,S,True,Mr
23,1.0,3,female,15.0,0,0,8.0292,Q,False,Miss
24,1.0,1,male,28.0,0,0,35.5,S,True,Mr
25,0.0,3,female,8.0,3,1,21.075,S,False,Miss
26,1.0,3,female,38.0,1,5,31.3875,S,False,Mrs
27,0.0,3,male,,0,0,7.225,C,False,Mr
28,0.0,1,male,19.0,3,2,263.0,S,True,Mr
29,1.0,3,female,,0,0,7.8792,Q,False,Miss
30,0.0,3,male,,0,0,7.8958,S,False,Mr
31,0.0,1,male,40.0,0,0,27.7208,C,False,Don
32,1.0,1,female,,1,0,146.5208,C,True,Mrs
33,1.0,3,female,,0,0,7.75,Q,False,Miss
34,0.0,2,male,66.0,0,0,10.5,S,False,Mr
35,0.0,1,male,28.0,1,0,82.1708,C,False,Mr
36,0.0,1,male,42.0,1,0,52.0,S,False,Mr
37,1.0,3,male,,0,0,7.2292,C,False,Mr
38,0.0,3,male,21.0,0,0,8.05,S,False,Mr
39,0.0,3,female,18.0,2,0,18.0,S,False,Miss
40,1.0,3,female,14.0,1,0,11.2417,C,False,Miss
41,0.0,3,female,40.0,1,0,9.475,S,False,Mrs
42,0.0,2,female,27.0,1,0,21.0,S,False,Mrs
43,0.0,3,male,,0,0,7.8958,C,False,Mr
44,1.0,2,female,3.0,1,2,41.5792,C,False,Miss
45,1.0,3,female,19.0,0,0,7.8792,Q,False,Miss
46,0.0,3,male,,0,0,8.05,S,False,Mr
47,0.0,3,male,,1,0,15.5,Q,False,Mr
48,1.0,3,female,,0,0,7.75,Q,False,Miss
49,0.0,3,male,,2,0,21.6792,C,False,Mr
50,0.0,3,female,18.0,1,0,17.8,S,False,Mrs
51,0.0,3,male,7.0,4,1,39.6875,S,False,Master
52,0.0,3,male,21.0,0,0,7.8,S,False,Mr
53,1.0,1,female,49.0,1,0,76.7292,C,True,Mrs
54,1.0,2,female,29.0,1,0,26.0,S,False,Mrs
55,0.0,1,male,65.0,0,1,61.9792,C,True,Mr
56,1.0,1,male,,0,0,35.5,S,True,Mr
57,1.0,2,female,21.0,0,0,10.5,S,False,Miss
58,0.0,3,male,28.5,0,0,7.2292,C,False,Mr
59,1.0,2,female,5.0,1,2,27.75,S,False,Miss
60,0.0,3,male,11.0,5,2,46.9,S,False,Master
61,0.0,3,male,22.0,0,0,7.2292,C,False,Mr
62,1.0,1,female,38.0,0,0,80.0,,True,Miss
63,0.0,1,male,45.0,1,0,83.475,S,True,Mr
64,0.0,3,male,4.0,3,2,27.9,S,False,Master
65,0.0,1,male,,0,0,27.7208,C,False,Mr
66,1.0,3,male,,1,1,15.2458,C,False,Master
67,1.0,2,female,29.0,0,0,10.5,S,True,Mrs
68,0.0,3,male,19.0,0,0,8.1583,S,False,Mr
69,1.0,3,female,17.0,4,2,7.925,S,False,Miss
70,0.0,3,male,26.0,2,0,8.6625,S,False,Mr
71,0.0,2,male,32.0,0,0,10.5,S,False,Mr
72,0.0,3,female,16.0,5,2,46.9,S,False,Miss
73,0.0,2,male,21.0,0,0,73.5,S,False,Mr
74,0.0,3,male,26.0,1,0,14.4542,C,False,Mr
75,1.0,3,male,32.0,0,0,56.4958,S,False,Mr
76,0.0,3,male,25.0,0,0,7.65,S,True,Mr
77,0.0,3,male,,0,0,7.8958,S,False,Mr
78,0.0,3,male,,0,0,8.05,S,False,Mr
79,1.0,2,male,0.83,0,2,29.0,S,False,Master
80,1.0,3,female,30.0,0,0,12.475,S,False,Miss
81,0.0,3,male,22.0,0,0,9.0,S,False,Mr
82,1.0,3,male,29.0,0,0,9.5,S,False,Mr
83,1.0,3,female,,0,0,7.7875,Q,False,Miss
84,0.0,1,male,28.0,0,0,47.1,S,False,Mr
85,1.0,2,female,17.0,0,0,10.5,S,False,Miss
86,1.0,3,female,33.0,3,0,15.85,S,False,Mrs
87,0.0,3,male,16.0,1,3,34.375,S,False,Mr
88,0.0,3,male,,0,0,8.05,S,False,Mr
89,1.0,1,female,23.0,3,2,263.0,S,True,Miss
90,0.0,3,male,24.0,0,0,8.05,S,False,Mr
91,0.0,3,male,29.0,0,0,8.05,S,False,Mr
92,0.0,3,male,20.0,0,0,7.8542,S,False,Mr
93,0.0,1,male,46.0,1,0,61.175,S,True,Mr
94,0.0,3,male,26.0,1,2,20.575,S,False,Mr
95,0.0,3,male,59.0,0,0,7.25,S,False,Mr
96,0.0,3,male,,0,0,8.05,S,False,Mr
97,0.0,1,male,71.0,0,0,34.6542,C,True,Mr
98,1.0,1,male,23.0,0,1,63.3583,C,True,Mr
99,1.0,2,female,34.0,0,1,23.0,S,False,Mrs
100,0.0,2,male,34.0,1,0,26.0,S,False,Mr
101,0.0,3,female,28.0,0,0,7.8958,S,False,Miss
102,0.0,3,male,,0,0,7.8958,S,False,Mr
103,0.0,1,male,21.0,0,1,77.2875,S,True,Mr
104,0.0,3,male,33.0,0,0,8.6542,S,False,Mr
105,0.0,3,male,37.0,2,0,7.925,S,False,Mr
106,0.0,3,male,28.0,0,0,7.8958,S,False,Mr
107,1.0,3,female,21.0,0,0,7.65,S,False,Miss
108,1.0,3,male,,0,0,7.775,S,False,Mr
109,0.0,3,male,38.0,0,0,7.8958,S,False,Mr
110,1.0,3,female,,1,0,24.15,Q,False,Miss
111,0.0,1,male,47.0,0,0,52.0,S,True,Mr
112,0.0,3,female,14.5,1,0,14.4542,C,False,Miss
113,0.0,3,male,22.0,0,0,8.05,S,False,Mr
114,0.0,3,female,20.0,1,0,9.825,S,False,Miss
115,0.0,3,female,17.0,0,0,14.4583,C,False,Miss
116,0.0,3,male,21.0,0,0,7.925,S,False,Mr
117,0.0,3,male,70.5,0,0,7.75,Q,False,Mr
118,0.0,2,male,29.0,1,0,21.0,S,False,Mr
119,0.0,1,male,24.0,0,1,247.5208,C,True,Mr
120,0.0,3,female,2.0,4,2,31.275,S,False,Miss
121,0.0,2,male,21.0,2,0,73.5,S,False,Mr
122,0.0,3,male,,0,0,8.05,S,False,Mr
123,0.0,2,male,32.5,1,0,30.0708,C,False,Mr
124,1.0,2,female,32.5,0,0,13.0,S,True,Miss
125,0.0,1,male,54.0,0,1,77.2875,S,True,Mr
126,1.0,3,male,12.0,1,0,11.2417,C,False,Master
127,0.0,3,male,,0,0,7.75,Q,False,Mr
128,1.0,3,male,24.0,0,0,7.1417,S,False,Mr
129,1.0,3,female,,1,1,22.3583,C,True,Miss
130,0.0,3,male,45.0,0,0,6.975,S,False,Mr
131,0.0,3,male,33.0,0,0,7.8958,C,False,Mr
132,0.0,3,male,20.0,0,0,7.05,S,False,Mr
133,0.0,3,female,47.0,1,0,14.5,S,False,Mrs
134,1.0,2,female,29.0,1,0,26.0,S,False,Mrs
135,0.0,2,male,25.0,0,0,13.0,S,False,Mr
136,0.0,2,male,23.0,0,0,15.0458,C,False,Mr
137,1.0,1,female,19.0,0,2,26.2833,S,True,Miss
138,0.0,1,male,37.0,1,0,53.1,S,True,Mr
139,0.0,3,male,16.0,0,0,9.2167,S,False,Mr
140,0.0,1,male,24.0,0,0,79.2,C,True,Mr
141,0.0,3,female,,0,2,15.2458,C,False,Mrs
142,1.0,3,female,22.0,0,0,7.75,S,False,Miss
143,1.0,3,female,24.0,1,0,15.85,S,False,Mrs
144,0.0,3,male,19.0,0,0,6.75,Q,False,Mr
145,0.0,2,male,18.0,0,0,11.5,S,False,Mr
146,0.0,2,male,19.0,1,1,36.75,S,False,Mr
147,1.0,3,male,27.0,0,0,7.7958,S,False,Mr
148,0.0,3,female,9.0,2,2,34.375,S,False,Miss
149,0.0,2,male,36.5,0,2,26.0,S,True,Mr
150,0.0,2,male,42.0,0,0,13.0,S,False,Rev
151,0.0,2,male,51.0,0,0,12.525,S,False,Rev
152,1.0,1,female,22.0,1,0,66.6,S,True,Mrs
153,0.0,3,male,55.5,0,0,8.05,S,False,Mr
154,0.0,3,male,40.5,0,2,14.5,S,False,Mr
155,0.0,3,male,,0,0,7.3125,S,False,Mr
156,0.0,1,male,51.0,0,1,61.3792,C,False,Mr
157,1.0,3,female,16.0,0,0,7.7333,Q,False,Miss
158,0.0,3,male,30.0,0,0,8.05,S,False,Mr
159,0.0,3,male,,0,0,8.6625,S,False,Mr
160,0.0,3,male,,8,2,69.55,S,False,Master
161,0.0,3,male,44.0,0,1,16.1,S,False,Mr
162,1.0,2,female,40.0,0,0,15.75,S,False,Mrs
163,0.0,3,male,26.0,0,0,7.775,S,False,Mr
164,0.0,3,male,17.0,0,0,8.6625,S,False,Mr
165,0.0,3,male,1.0,4,1,39.6875,S,False,Master
166,1.0,3,male,9.0,0,2,20.525,S,False,Master
167,1.0,1,female,,0,1,55.0,S,True,Mrs
168,0.0,3,female,45.0,1,4,27.9,S,False,Mrs
169,0.0,1,male,,0,0,25.925,S,False,Mr
170,0.0,3,male,28.0,0,0,56.4958,S,False,Mr
171,0.0,1,male,61.0,0,0,33.5,S,True,Mr
172,0.0,3,male,4.0,4,1,29.125,Q,False,Master
173,1.0,3,female,1.0,1,1,11.1333,S,False,Miss
174,0.0,3,male,21.0,0,0,7.925,S,False,Mr
175,0.0,1,male,56.0,0,0,30.6958,C,True,Mr
176,0.0,3,male,18.0,1,1,7.8542,S,False,Mr
177,0.0,3,male,,3,1,25.4667,S,False,Master
178,0.0,1,female,50.0,0,0,28.7125,C,True,Miss
179,0.0,2,male,30.0,0,0,13.0,S,False,Mr
180,0.0,3,male,36.0,0,0,0.0,S,False,Mr
181,0.0,3,female,,8,2,69.55,S,False,Miss
182,0.0,2,male,,0,0,15.05,C,False,Mr
183,0.0,3,male,9.0,4,2,31.3875,S,False,Master
184,1.0,2,male,1.0,2,1,39.0,S,True,Master
185,1.0,3,female,4.0,0,2,22.025,S,False,Miss
186,0.0,1,male,,0,0,50.0,S,True,Mr
187,1.0,3,female,,1,0,15.5,Q,False,Mrs
188,1.0,1,male,45.0,0,0,26.55,S,False,Mr
189,0.0,3,male,40.0,1,1,15.5,Q,False,Mr
190,0.0,3,male,36.0,0,0,7.8958,S,False,Mr
191,1.0,2,female,32.0,0,0,13.0,S,False,Mrs
192,0.0,2,male,19.0,0,0,13.0,S,False,Mr
193,1.0,3,female,19.0,1,0,7.8542,S,False,Miss
194,1.0,2,male,3.0,1,1,26.0,S,True,Master
195,1.0,1,female,44.0,0,0,27.7208,C,True,Mrs
196,1.0,1,female,58.0,0,0,146.5208,C,True,Miss
197,0.0,3,male,,0,0,7.75,Q,False,Mr
198,0.0,3,male,42.0,0,1,8.4042,S,False,Mr
199,1.0,3,female,,0,0,7.75,Q,False,Miss
200,0.0,2,female,24.0,0,0,13.0,S,False,Miss
201,0.0,3,male,28.0,0,0,9.5,S,False,Mr
202,0.0,3,male,,8,2,69.55,S,False,Mr
203,0.0,3,male,34.0,0,0,6.4958,S,False,Mr
204,0.0,3,male,45.5,0,0,7.225,C,False,Mr
205,1.0,3,male,18.0,0,0,8.05,S,False,Mr
206,0.0,3,female,2.0,0,1,10.4625,S,True,Miss
207,0.0,3,male,32.0,1,0,15.85,S,False,Mr
208,1.0,3,male,26.0,0,0,18.7875,C,False,Mr
209,1.0,3,female,16.0,0,0,7.75,Q,False,Miss
210,1.0,1,male,40.0,0,0,31.0,C,True,Mr
211,0.0,3,male,24.0,0,0,7.05,S,False,Mr
212,1.0,2,female,35.0,0,0,21.0,S,False,Miss
213,0.0,3,male,22.0,0,0,7.25,S,False,Mr
214,0.0,2,male,30.0,0,0,13.0,S,False,Mr
215,0.0,3,male,,1,0,7.75,Q,False,Mr
216,1.0,1,female,31.0,1,0,113.275,C,True,Miss
217,1.0,3,female,27.0,0,0,7.925,S,False,Miss
218,0.0,2,male,42.0,1,0,27.0,S,False,Mr
219,1.0,1,female,32.0,0,0,76.2917,C,True,Miss
220,0.0,2,male,30.0,0,0,10.5,S,False,Mr
221,1.0,3,male,16.0,0,0,8.05,S,False,Mr
222,0.0,2,male,27.0,0,0,13.0,S,False,Mr
223,0.0,3,male,51.0,0,0,8.05,S,False,Mr
224,0.0,3,male,,0,0,7.8958,S,False,Mr
225,1.0,1,male,38.0,1,0,90.0,S,True,Mr
226,0.0,3,male,22.0,0,0,9.35,S,False,Mr
227,1.0,2,male,19.0,0,0,10.5,S,False,Mr
228,0.0,3,male,20.5,0,0,7.25,S,False,Mr
229,0.0,2,male,18.0,0,0,13.0,S,False,Mr
230,0.0,3,female,,3,1,25.4667,S,False,Miss
231,1.0,1,female,35.0,1,0,83.475,S,True,Mrs
232,0.0,3,male,29.0,0,0,7.775,S,False,Mr
233,0.0,2,male,59.0,0,0,13.5,S,False,Mr
234,1.0,3,female,5.0,4,2,31.3875,S,False,Miss
235,0.0,2,male,24.0,0,0,10.5,S,False,Mr
236,0.0,3,female,,0,0,7.55,S,False,Miss
237,0.0,2,male,44.0,1,0,26.0,S,False,Mr
238,1.0,2,female,8.0,0,2,26.25,S,False,Miss
239,0.0,2,male,19.0,0,0,10.5,S,False,Mr
240,0.0,2,male,33.0,0,0,12.275,S,False,Mr
241,0.0,3,female,,1,0,14.4542,C,False,Miss
242,1.0,3,female,,1,0,15.5,Q,False,Miss
243,0.0,2,male,29.0,0,0,10.5,S,False,Mr
244,0.0,3,male,22.0,0,0,7.125,S,False,Mr
245,0.0,3,male,30.0,0,0,7.225,C,False,Mr
246,0.0,1,male,44.0,2,0,90.0,Q,True,Dr
247,0.0,3,female,25.0,0,0,7.775,S,False,Miss
248,1.0,2,female,24.0,0,2,14.5,S,False,Mrs
249,1.0,1,male,37.0,1,1,52.5542,S,True,Mr
250,0.0,2,male,54.0,1,0,26.0,S,False,Rev
251,0.0,3,male,,0,0,7.25,S,False,Mr
252,0.0,3,female,29.0,1,1,10.4625,S,True,Mrs
253,0.0,1,male,62.0,0,0,26.55,S,True,Mr
254,0.0,3,male,30.0,1,0,16.1,S,False,Mr
255,0.0,3,female,41.0,0,2,20.2125,S,False,Mrs
256,1.0,3,female,29.0,0,2,15.2458,C,False,Mrs
257,1.0,1,female,,0,0,79.2,C,False,Mrs
258,1.0,1,female,30.0,0,0,86.5,S,True,Miss
259,1.0,1,female,35.0,0,0,512.3292,C,False,Miss
260,1.0,2,female,50.0,0,1,26.0,S,False,Mrs
261,0.0,3,male,,0,0,7.75,Q,False,Mr
262,1.0,3,male,3.0,4,2,31.3875,S,False,Master
263,0.0,1,male,52.0,1,1,79.65,S,True,Mr
264,0.0,1,male,40.0,0,0,0.0,S,True,Mr
265,0.0,3,female,,0,0,7.75,Q,False,Miss
266,0.0,2,male,36.0,0,0,10.5,S,False,Mr
267,0.0,3,male,16.0,4,1,39.6875,S,False,Mr
268,1.0,3,male,25.0,1,0,7.775,S,False,Mr
269,1.0,1,female,58.0,0,1,153.4625,S,True,Mrs
270,1.0,1,female,35.0,0,0,135.6333,S,True,Miss
271,0.0,1,male,,0,0,31.0,S,False,Mr
272,1.0,3,male,25.0,0,0,0.0,S,False,Mr
273,1.0,2,female,41.0,0,1,19.5,S,False,Mrs
274,0.0,1,male,37.0,0,1,29.7,C,True,Mr
275,1.0,3,female,,0,0,7.75,Q,False,Miss
276,1.0,1,female,63.0,1,0,77.9583,S,True,Miss
277,0.0,3,female,45.0,0,0,7.75,S,False,Miss
278,0.0,2,male,,0,0,0.0,S,False,Mr
279,0.0,3,male,7.0,4,1,29.125,Q,False,Master
280,1.0,3,female,35.0,1,1,20.25,S,False,Mrs
281,0.0,3,male,65.0,0,0,7.75,Q,False,Mr
282,0.0,3,male,28.0,0,0,7.8542,S,False,Mr
283,0.0,3,male,16.0,0,0,9.5,S,False,Mr
284,1.0,3,male,19.0,0,0,8.05,S,False,Mr
285,0.0,1,male,,0,0,26.0,S,True,Mr
286,0.0,3,male,33.0,0,0,8.6625,C,False,Mr
287,1.0,3,male,30.0,0,0,9.5,S,False,Mr
288,0.0,3,male,22.0,0,0,7.8958,S,False,Mr
289,1.0,2,male,42.0,0,0,13.0,S,False,Mr
290,1.0,3,female,22.0,0,0,7.75,Q,False,Miss
291,1.0,1,female,26.0,0,0,78.85,S,False,Miss
292,1.0,1,female,19.0,1,0,91.0792,C,True,Mrs
293,0.0,2,male,36.0,0,0,12.875,C,True,Mr
294,0.0,3,female,24.0,0,0,8.85,S,False,Miss
295,0.0,3,male,24.0,0,0,7.8958,S,False,Mr
296,0.0,1,male,,0,0,27.7208,C,False,Mr
297,0.0,3,male,23.5,0,0,7.2292,C,False,Mr
298,0.0,1,female,2.0,1,2,151.55,S,True,Miss
299,1.0,1,male,,0,0,30.5,S,True,Mr
300,1.0,1,female,50.0,0,1,247.5208,C,True,Mrs
301,1.0,3,female,,0,0,7.75,Q,False,Miss
302,1.0,3,male,,2,0,23.25,Q,False,Mr
303,0.0,3,male,19.0,0,0,0.0,S,False,Mr
304,1.0,2,female,,0,0,12.35,Q,True,Miss
305,0.0,3,male,,0,0,8.05,S,False,Mr
306,1.0,1,male,0.92,1,2,151.55,S,True,Master
307,1.0,1,female,,0,0,110.8833,C,False,Miss
308,1.0,1,female,17.0,1,0,108.9,C,True,Mrs
309,0.0,2,male,30.0,1,0,24.0,C,False,Mr
310,1.0,1,female,30.0,0,0,56.9292,C,True,Miss
311,1.0,1,female,24.0,0,0,83.1583,C,True,Miss
312,1.0,1,female,18.0,2,2,262.375,C,True,Miss
313,0.0,2,female,26.0,1,1,26.0,S,False,Mrs
314,0.0,3,male,28.0,0,0,7.8958,S,False,Mr
315,0.0,2,male,43.0,1,1,26.25,S,False,Mr
316,1.0,3,female,26.0,0,0,7.8542,S,False,Miss
317,1.0,2,female,24.0,1,0,26.0,S,False,Mrs
318,0.0,2,male,54.0,0,0,14.0,S,False,Dr
319,1.0,1,female,31.0,0,2,164.8667,S,True,Miss
320,1.0,1,female,40.0,1,1,134.5,C,True,Mrs
321,0.0,3,male,22.0,0,0,7.25,S,False,Mr
322,0.0,3,male,27.0,0,0,7.8958,S,False,Mr
323,1.0,2,female,30.0,0,0,12.35,Q,False,Miss
324,1.0,2,female,22.0,1,1,29.0,S,False,Mrs
325,0.0,3,male,,8,2,69.55,S,False,Mr
326,1.0,1,female,36.0,0,0,135.6333,C,True,Miss
327,0.0,3,male,61.0,0,0,6.2375,S,False,Mr
328,1.0,2,female,36.0,0,0,13.0,S,True,Mrs
329,1.0,3,female,31.0,1,1,20.525,S,False,Mrs
330,1.0,1,female,16.0,0,1,57.9792,C,True,Miss
331,1.0,3,female,,2,0,23.25,Q,False,Miss
332,0.0,1,male,45.5,0,0,28.5,S,True,Mr
333,0.0,1,male,38.0,0,1,153.4625,S,True,Mr
334,0.0,3,male,16.0,2,0,18.0,S,False,Mr
335,1.0,1,female,,1,0,133.65,S,False,Mrs
336,0.0,3,male,,0,0,7.8958,S,False,Mr
337,0.0,1,male,29.0,1,0,66.6,S,True,Mr
338,1.0,1,female,41.0,0,0,134.5,C,True,Miss
339,1.0,3,male,45.0,0,0,8.05,S,False,Mr
340,0.0,1,male,45.0,0,0,35.5,S,True,Mr
341,1.0,2,male,2.0,1,1,26.0,S,True,Master
342,1.0,1,female,24.0,3,2,263.0,S,True,Miss
343,0.0,2,male,28.0,0,0,13.0,S,False,Mr
344,0.0,2,male,25.0,0,0,13.0,S,False,Mr
345,0.0,2,male,36.0,0,0,13.0,S,False,Mr
346,1.0,2,female,24.0,0,0,13.0,S,True,Miss
347,1.0,2,female,40.0,0,0,13.0,S,False,Miss
348,1.0,3,female,,1,0,16.1,S,False,Mrs
349,1.0,3,male,3.0,1,1,15.9,S,False,Master
350,0.0,3,male,42.0,0,0,8.6625,S,False,Mr
351,0.0,3,male,23.0,0,0,9.225,S,False,Mr
352,0.0,1,male,,0,0,35.0,S,True,Mr
353,0.0,3,male,15.0,1,1,7.2292,C,False,Mr
354,0.0,3,male,25.0,1,0,17.8,S,False,Mr
355,0.0,3,male,,0,0,7.225,C,False,Mr
356,0.0,3,male,28.0,0,0,9.5,S,False,Mr
357,1.0,1,female,22.0,0,1,55.0,S,True,Miss
358,0.0,2,female,38.0,0,0,13.0,S,False,Miss
359,1.0,3,female,,0,0,7.8792,Q,False,Miss
360,1.0,3,female,,0,0,7.8792,Q,False,Miss
361,0.0,3,male,40.0,1,4,27.9,S,False,Mr
362,0.0,2,male,29.0,1,0,27.7208,C,False,Mr
363,0.0,3,female,45.0,0,1,14.4542,C,False,Mrs
364,0.0,3,male,35.0,0,0,7.05,S,False,Mr
365,0.0,3,male,,1,0,15.5,Q,False,Mr
366,0.0,3,male,30.0,0,0,7.25,S,False,Mr
367,1.0,1,female,60.0,1,0,75.25,C,True,Mrs
368,1.0,3,female,,0,0,7.2292,C,False,Mrs
369,1.0,3,female,,0,0,7.75,Q,False,Miss
370,1.0,1,female,24.0,0,0,69.3,C,True,Mme
371,1.0,1,male,25.0,1,0,55.4417,C,True,Mr
372,0.0,3,male,18.0,1,0,6.4958,S,False,Mr
373,0.0,3,male,19.0,0,0,8.05,S,False,Mr
374,0.0,1,male,22.0,0,0,135.6333,C,False,Mr
375,0.0,3,female,3.0,3,1,21.075,S,False,Miss
376,1.0,1,female,,1,0,82.1708,C,False,Mrs
377,1.0,3,female,22.0,0,0,7.25,S,False,Miss
378,0.0,1,male,27.0,0,2,211.5,C,True,Mr
379,0.0,3,male,20.0,0,0,4.0125,C,False,Mr
380,0.0,3,male,19.0,0,0,7.775,S,False,Mr
381,1.0,1,female,42.0,0,0,227.525,C,False,Miss
382,1.0,3,female,1.0,0,2,15.7417,C,False,Miss
383,0.0,3,male,32.0,0,0,7.925,S,False,Mr
384,1.0,1,female,35.0,1,0,52.0,S,False,Mrs
385,0.0,3,male,,0,0,7.8958,S,False,Mr
386,0.0,2,male,18.0,0,0,73.5,S,False,Mr
387,0.0,3,male,1.0,5,2,46.9,S,False,Master
388,1.0,2,female,36.0,0,0,13.0,S,False,Miss
389,0.0,3,male,,0,0,7.7292,Q,False,Mr
390,1.0,2,female,17.0,0,0,12.0,C,False,Miss
391,1.0,1,male,36.0,1,2,120.0,S,True,Mr
392,1.0,3,male,21.0,0,0,7.7958,S,False,Mr
393,0.0,3,male,28.0,2,0,7.925,S,False,Mr
394,1.0,1,female,23.0,1,0,113.275,C,True,Miss
395,1.0,3,female,24.0,0,2,16.7,S,True,Mrs
396,0.0,3,male,22.0,0,0,7.7958,S,False,Mr
397,0.0,3,female,31.0,0,0,7.8542,S,False,Miss
398,0.0,2,male,46.0,0,0,26.0,S,False,Mr
399,0.0,2,male,23.0,0,0,10.5,S,False,Dr
400,1.0,2,female,28.0,0,0,12.65,S,False,Mrs
401,1.0,3,male,39.0,0,0,7.925,S,False,Mr
402,0.0,3,male,26.0,0,0,8.05,S,False,Mr
403,0.0,3,female,21.0,1,0,9.825,S,False,Miss
404,0.0,3,male,28.0,1,0,15.85,S,False,Mr
405,0.0,3,female,20.0,0,0,8.6625,S,False,Miss
406,0.0,2,male,34.0,1,0,21.0,S,False,Mr
407,0.0,3,male,51.0,0,0,7.75,S,False,Mr
408,1.0,2,male,3.0,1,1,18.75,S,False,Master
409,0.0,3,male,21.0,0,0,7.775,S,False,Mr
410,0.0,3,female,,3,1,25.4667,S,False,Miss
411,0.0,3,male,,0,0,7.8958,S,False,Mr
412,0.0,3,male,,0,0,6.8583,Q,False,Mr
413,1.0,1,female,33.0,1,0,90.0,Q,True,Miss
414,0.0,2,male,,0,0,0.0,S,False,Mr
415,1.0,3,male,44.0,0,0,7.925,S,False,Mr
416,0.0,3,female,,0,0,8.05,S,False,Mrs
417,1.0,2,female,34.0,1,1,32.5,S,False,Mrs
418,1.0,2,female,18.0,0,2,13.0,S,False,Miss
419,0.0,2,male,30.0,0,0,13.0,S,False,Mr
420,0.0,3,female,10.0,0,2,24.15,S,False,Miss
421,0.0,3,male,,0,0,7.8958,C,False,Mr
422,0.0,3,male,21.0,0,0,7.7333,Q,False,Mr
423,0.0,3,male,29.0,0,0,7.875,S,False,Mr
424,0.0,3,female,28.0,1,1,14.4,S,False,Mrs
425,0.0,3,male,18.0,1,1,20.2125,S,False,Mr
426,0.0,3,male,,0,0,7.25,S,False,Mr
427,1.0,2,female,28.0,1,0,26.0,S,False,Mrs
428,1.0,2,female,19.0,0,0,26.0,S,False,Miss
429,0.0,3,male,,0,0,7.75,Q,False,Mr
430,1.0,3,male,32.0,0,0,8.05,S,True,Mr
431,1.0,1,male,28.0,0,0,26.55,S,True,Mr
432,1.0,3,female,,1,0,16.1,S,False,Mrs
433,1.0,2,female,42.0,1,0,26.0,S,False,Mrs
434,0.0,3,male,17.0,0,0,7.125,S,False,Mr
435,0.0,1,male,50.0,1,0,55.9,S,True,Mr
436,1.0,1,female,14.0,1,2,120.0,S,True,Miss
437,0.0,3,female,21.0,2,2,34.375,S,False,Miss
438,1.0,2,female,24.0,2,3,18.75,S,False,Mrs
439,0.0,1,male,64.0,1,4,263.0,S,True,Mr
440,0.0,2,male,31.0,0,0,10.5,S,False,Mr
441,1.0,2,female,45.0,1,1,26.25,S,False,Mrs
442,0.0,3,male,20.0,0,0,9.5,S,False,Mr
443,0.0,3,male,25.0,1,0,7.775,S,False,Mr
444,1.0,2,female,28.0,0,0,13.0,S,False,Ms
445,1.0,3,male,,0,0,8.1125,S,False,Mr
446,1.0,1,male,4.0,0,2,81.8583,S,True,Master
447,1.0,2,female,13.0,0,1,19.5,S,False,Miss
448,1.0,1,male,34.0,0,0,26.55,S,False,Mr
449,1.0,3,female,5.0,2,1,19.2583,C,False,Miss
450,1.0,1,male,52.0,0,0,30.5,S,True,Major
451,0.0,2,male,36.0,1,2,27.75,S,False,Mr
452,0.0,3,male,,1,0,19.9667,S,False,Mr
453,0.0,1,male,30.0,0,0,27.75,C,True,Mr
454,1.0,1,male,49.0,1,0,89.1042,C,True,Mr
455,0.0,3,male,,0,0,8.05,S,False,Mr
456,1.0,3,male,29.0,0,0,7.8958,C,False,Mr
457,0.0,1,male,65.0,0,0,26.55,S,True,Mr
458,1.0,1,female,,1,0,51.8625,S,True,Mrs
459,1.0,2,female,50.0,0,0,10.5,S,False,Miss
460,0.0,3,male,,0,0,7.75,Q,False,Mr
461,1.0,1,male,48.0,0,0,26.55,S,True,Mr
462,0.0,3,male,34.0,0,0,8.05,S,False,Mr
463,0.0,1,male,47.0,0,0,38.5,S,True,Mr
464,0.0,2,male,48.0,0,0,13.0,S,False,Mr
465,0.0,3,male,,0,0,8.05,S,False,Mr
466,0.0,3,male,38.0,0,0,7.05,S,False,Mr
467,0.0,2,male,,0,0,0.0,S,False,Mr
468,0.0,1,male,56.0,0,0,26.55,S,False,Mr
469,0.0,3,male,,0,0,7.725,Q,False,Mr
470,1.0,3,female,0.75,2,1,19.2583,C,False,Miss
471,0.0,3,male,,0,0,7.25,S,False,Mr
472,0.0,3,male,38.0,0,0,8.6625,S,False,Mr
473,1.0,2,female,33.0,1,2,27.75,S,False,Mrs
474,1.0,2,female,23.0,0,0,13.7917,C,True,Mrs
475,0.0,3,female,22.0,0,0,9.8375,S,False,Miss
476,0.0,1,male,,0,0,52.0,S,True,Mr
477,0.0,2,male,34.0,1,0,21.0,S,False,Mr
478,0.0,3,male,29.0,1,0,7.0458,S,False,Mr
479,0.0,3,male,22.0,0,0,7.5208,S,False,Mr
480,1.0,3,female,2.0,0,1,12.2875,S,False,Miss
481,0.0,3,male,9.0,5,2,46.9,S,False,Master
482,0.0,2,male,,0,0,0.0,S,False,Mr
483,0.0,3,male,50.0,0,0,8.05,S,False,Mr
484,1.0,3,female,63.0,0,0,9.5875,S,False,Mrs
485,1.0,1,male,25.0,1,0,91.0792,C,True,Mr
486,0.0,3,female,,3,1,25.4667,S,False,Miss
487,1.0,1,female,35.0,1,0,90.0,S,True,Mrs
488,0.0,1,male,58.0,0,0,29.7,C,True,Mr
489,0.0,3,male,30.0,0,0,8.05,S,False,Mr
490,1.0,3,male,9.0,1,1,15.9,S,False,Master
491,0.0,3,male,,1,0,19.9667,S,False,Mr
492,0.0,3,male,21.0,0,0,7.25,S,False,Mr
493,0.0,1,male,55.0,0,0,30.5,S,True,Mr
494,0.0,1,male,71.0,0,0,49.5042,C,False,Mr
495,0.0,3,male,21.0,0,0,8.05,S,False,Mr
496,0.0,3,male,,0,0,14.4583,C,False,Mr
497,1.0,1,female,54.0,1,0,78.2667,C,True,Miss
498,0.0,3,male,,0,0,15.1,S,False,Mr
499,0.0,1,female,25.0,1,2,151.55,S,True,Mrs
500,0.0,3,male,24.0,0,0,7.7958,S,False,Mr
501,0.0,3,male,17.0,0,0,8.6625,S,False,Mr
502,0.0,3,female,21.0,0,0,7.75,Q,False,Miss
503,0.0,3,female,,0,0,7.6292,Q,False,Miss
504,0.0,3,female,37.0,0,0,9.5875,S,False,Miss
505,1.0,1,female,16.0,0,0,86.5,S,True,Miss
506,0.0,1,male,18.0,1,0,108.9,C,True,Mr
507,1.0,2,female,33.0,0,2,26.0,S,False,Mrs
508,1.0,1,male,,0,0,26.55,S,False,Mr
509,0.0,3,male,28.0,0,0,22.525,S,False,Mr
510,1.0,3,male,26.0,0,0,56.4958,S,False,Mr
511,1.0,3,male,29.0,0,0,7.75,Q,False,Mr
512,0.0,3,male,,0,0,8.05,S,False,Mr
513,1.0,1,male,36.0,0,0,26.2875,S,True,Mr
514,1.0,1,female,54.0,1,0,59.4,C,False,Mrs
515,0.0,3,male,24.0,0,0,7.4958,S,False,Mr
516,0.0,1,male,47.0,0,0,34.0208,S,True,Mr
517,1.0,2,female,34.0,0,0,10.5,S,True,Mrs
518,0.0,3,male,,0,0,24.15,Q,False,Mr
519,1.0,2,female,36.0,1,0,26.0,S,False,Mrs
520,0.0,3,male,32.0,0,0,7.8958,S,False,Mr
521,1.0,1,female,30.0,0,0,93.5,S,True,Miss
522,0.0,3,male,22.0,0,0,7.8958,S,False,Mr
523,0.0,3,male,,0,0,7.225,C,False,Mr
524,1.0,1,female,44.0,0,1,57.9792,C,True,Mrs
525,0.0,3,male,,0,0,7.2292,C,False,Mr
526,0.0,3,male,40.5,0,0,7.75,Q,False,Mr
527,1.0,2,female,50.0,0,0,10.5,S,False,Miss
528,0.0,1,male,,0,0,221.7792,S,True,Mr
529,0.0,3,male,39.0,0,0,7.925,S,False,Mr
530,0.0,2,male,23.0,2,1,11.5,S,False,Mr
531,1.0,2,female,2.0,1,1,26.0,S,False,Miss
532,0.0,3,male,,0,0,7.2292,C,False,Mr
533,0.0,3,male,17.0,1,1,7.2292,C,False,Mr
534,1.0,3,female,,0,2,22.3583,C,False,Mrs
535,0.0,3,female,30.0,0,0,8.6625,S,False,Miss
536,1.0,2,female,7.0,0,2,26.25,S,False,Miss
537,0.0,1,male,45.0,0,0,26.55,S,True,Major
538,1.0,1,female,30.0,0,0,106.425,C,False,Miss
539,0.0,3,male,,0,0,14.5,S,False,Mr
540,1.0,1,female,22.0,0,2,49.5,C,True,Miss
541,1.0,1,female,36.0,0,2,71.0,S,True,Miss
542,0.0,3,female,9.0,4,2,31.275,S,False,Miss
543,0.0,3,female,11.0,4,2,31.275,S,False,Miss
544,1.0,2,male,32.0,1,0,26.0,S,False,Mr
545,0.0,1,male,50.0,1,0,106.425,C,True,Mr
546,0.0,1,male,64.0,0,0,26.0,S,False,Mr
547,1.0,2,female,19.0,1,0,26.0,S,False,Mrs
548,1.0,2,male,,0,0,13.8625,C,False,Mr
549,0.0,3,male,33.0,1,1,20.525,S,False,Mr
550,1.0,2,male,8.0,1,1,36.75,S,False,Master
551,1.0,1,male,17.0,0,2,110.8833,C,True,Mr
552,0.0,2,male,27.0,0,0,26.0,S,False,Mr
553,0.0,3,male,,0,0,7.8292,Q,False,Mr
554,1.0,3,male,22.0,0,0,7.225,C,False,Mr
555,1.0,3,female,22.0,0,0,7.775,S,False,Miss
556,0.0,1,male,62.0,0,0,26.55,S,False,Mr
557,1.0,1,female,48.0,1,0,39.6,C,True,Lady
558,0.0,1,male,,0,0,227.525,C,False,Mr
559,1.0,1,female,39.0,1,1,79.65,S,True,Mrs
560,1.0,3,female,36.0,1,0,17.4,S,False,Mrs
561,0.0,3,male,,0,0,7.75,Q,False,Mr
562,0.0,3,male,40.0,0,0,7.8958,S,False,Mr
563,0.0,2,male,28.0,0,0,13.5,S,False,Mr
564,0.0,3,male,,0,0,8.05,S,False,Mr
565,0.0,3,female,,0,0,8.05,S,False,Miss
566,0.0,3,male,24.0,2,0,24.15,S,False,Mr
567,0.0,3,male,19.0,0,0,7.8958,S,False,Mr
568,0.0,3,female,29.0,0,4,21.075,S,False,Mrs
569,0.0,3,male,,0,0,7.2292,C,False,Mr
570,1.0,3,male,32.0,0,0,7.8542,S,False,Mr
571,1.0,2,male,62.0,0,0,10.5,S,False,Mr
572,1.0,1,female,53.0,2,0,51.4792,S,True,Mrs
573,1.0,1,male,36.0,0,0,26.3875,S,True,Mr
574,1.0,3,female,,0,0,7.75,Q,False,Miss
575,0.0,3,male,16.0,0,0,8.05,S,False,Mr
576,0.0,3,male,19.0,0,0,14.5,S,False,Mr
577,1.0,2,female,34.0,0,0,13.0,S,False,Miss
578,1.0,1,female,39.0,1,0,55.9,S,True,Mrs
579,0.0,3,female,,1,0,14.4583,C,False,Mrs
580,1.0,3,male,32.0,0,0,7.925,S,False,Mr
581,1.0,2,female,25.0,1,1,30.0,S,False,Miss
582,1.0,1,female,39.0,1,1,110.8833,C,True,Mrs
583,0.0,2,male,54.0,0,0,26.0,S,False,Mr
584,0.0,1,male,36.0,0,0,40.125,C,True,Mr
585,0.0,3,male,,0,0,8.7125,C,False,Mr
586,1.0,1,female,18.0,0,2,79.65,S,True,Miss
587,0.0,2,male,47.0,0,0,15.0,S,False,Mr
588,1.0,1,male,60.0,1,1,79.2,C,True,Mr
589,0.0,3,male,22.0,0,0,8.05,S,False,Mr
590,0.0,3,male,,0,0,8.05,S,False,Mr
591,0.0,3,male,35.0,0,0,7.125,S,False,Mr
592,1.0,1,female,52.0,1,0,78.2667,C,True,Mrs
593,0.0,3,male,47.0,0,0,7.25,S,False,Mr
594,0.0,3,female,,0,2,7.75,Q,False,Miss
595,0.0,2,male,37.0,1,0,26.0,S,False,Mr
596,0.0,3,male,36.0,1,1,24.15,S,False,Mr
597,1.0,2,female,,0,0,33.0,S,False,Miss
598,0.0,3,male,49.0,0,0,0.0,S,False,Mr
599,0.0,3,male,,0,0,7.225,C,False,Mr
600,1.0,1,male,49.0,1,0,56.9292,C,True,Sir
601,1.0,2,female,24.0,2,1,27.0,S,False,Mrs
602,0.0,3,male,,0,0,7.8958,S,False,Mr
603,0.0,1,male,,0,0,42.4,S,False,Mr
604,0.0,3,male,44.0,0,0,8.05,S,False,Mr
605,1.0,1,male,35.0,0,0,26.55,C,False,Mr
606,0.0,3,male,36.0,1,0,15.55,S,False,Mr
607,0.0,3,male,30.0,0,0,7.8958,S,False,Mr
608,1.0,1,male,27.0,0,0,30.5,S,False,Mr
609,1.0,2,female,22.0,1,2,41.5792,C,False,Mrs
610,1.0,1,female,40.0,0,0,153.4625,S,True,Miss
611,0.0,3,female,39.0,1,5,31.275,S,False,Mrs
612,0.0,3,male,,0,0,7.05,S,False,Mr
613,1.0,3,female,,1,0,15.5,Q,False,Miss
614,0.0,3,male,,0,0,7.75,Q,False,Mr
615,0.0,3,male,35.0,0,0,8.05,S,False,Mr
616,1.0,2,female,24.0,1,2,65.0,S,False,Miss
617,0.0,3,male,34.0,1,1,14.4,S,False,Mr
618,0.0,3,female,26.0,1,0,16.1,S,False,Mrs
619,1.0,2,female,4.0,2,1,39.0,S,True,Miss
620,0.0,2,male,26.0,0,0,10.5,S,False,Mr
621,0.0,3,male,27.0,1,0,14.4542,C,False,Mr
622,1.0,1,male,42.0,1,0,52.5542,S,True,Mr
623,1.0,3,male,20.0,1,1,15.7417,C,False,Mr
624,0.0,3,male,21.0,0,0,7.8542,S,False,Mr
625,0.0,3,male,21.0,0,0,16.1,S,False,Mr
626,0.0,1,male,61.0,0,0,32.3208,S,True,Mr
627,0.0,2,male,57.0,0,0,12.35,Q,False,Rev
628,1.0,1,female,21.0,0,0,77.9583,S,True,Miss
629,0.0,3,male,26.0,0,0,7.8958,S,False,Mr
630,0.0,3,male,,0,0,7.7333,Q,False,Mr
631,1.0,1,male,80.0,0,0,30.0,S,True,Mr
632,0.0,3,male,51.0,0,0,7.0542,S,False,Mr
633,1.0,1,male,32.0,0,0,30.5,C,True,Dr
634,0.0,1,male,,0,0,0.0,S,False,Mr
635,0.0,3,female,9.0,3,2,27.9,S,False,Miss
636,1.0,2,female,28.0,0,0,13.0,S,False,Miss
637,0.0,3,male,32.0,0,0,7.925,S,False,Mr
638,0.0,2,male,31.0,1,1,26.25,S,False,Mr
639,0.0,3,female,41.0,0,5,39.6875,S,False,Mrs
640,0.0,3,male,,1,0,16.1,S,False,Mr
641,0.0,3,male,20.0,0,0,7.8542,S,False,Mr
642,1.0,1,female,24.0,0,0,69.3,C,True,Mlle
643,0.0,3,female,2.0,3,2,27.9,S,False,Miss
644,1.0,3,male,,0,0,56.4958,S,False,Mr
645,1.0,3,female,0.75,2,1,19.2583,C,False,Miss
646,1.0,1,male,48.0,1,0,76.7292,C,True,Mr
647,0.0,3,male,19.0,0,0,7.8958,S,False,Mr
648,1.0,1,male,56.0,0,0,35.5,C,True,Col
649,0.0,3,male,,0,0,7.55,S,False,Mr
650,1.0,3,female,23.0,0,0,7.55,S,False,Miss
651,0.0,3,male,,0,0,7.8958,S,False,Mr
652,1.0,2,female,18.0,0,1,23.0,S,False,Miss
653,0.0,3,male,21.0,0,0,8.4333,S,False,Mr
654,1.0,3,female,,0,0,7.8292,Q,False,Miss
655,0.0,3,female,18.0,0,0,6.75,Q,False,Miss
656,0.0,2,male,24.0,2,0,73.5,S,False,Mr
657,0.0,3,male,,0,0,7.8958,S,False,Mr
658,0.0,3,female,32.0,1,1,15.5,Q,False,Mrs
659,0.0,2,male,23.0,0,0,13.0,S,False,Mr
660,0.0,1,male,58.0,0,2,113.275,C,True,Mr
661,1.0,1,male,50.0,2,0,133.65,S,False,Dr
662,0.0,3,male,40.0,0,0,7.225,C,False,Mr
663,0.0,1,male,47.0,0,0,25.5875,S,True,Mr
664,0.0,3,male,36.0,0,0,7.4958,S,False,Mr
665,1.0,3,male,20.0,1,0,7.925,S,False,Mr
666,0.0,2,male,32.0,2,0,73.5,S,False,Mr
667,0.0,2,male,25.0,0,0,13.0,S,False,Mr
668,0.0,3,male,,0,0,7.775,S,False,Mr
669,0.0,3,male,43.0,0,0,8.05,S,False,Mr
670,1.0,1,female,,1,0,52.0,S,True,Mrs
671,1.0,2,female,40.0,1,1,39.0,S,False,Mrs
672,0.0,1,male,31.0,1,0,52.0,S,True,Mr
673,0.0,2,male,70.0,0,0,10.5,S,False,Mr
674,1.0,2,male,31.0,0,0,13.0,S,False,Mr
675,0.0,2,male,,0,0,0.0,S,False,Mr
676,0.0,3,male,18.0,0,0,7.775,S,False,Mr
677,0.0,3,male,24.5,0,0,8.05,S,False,Mr
678,1.0,3,female,18.0,0,0,9.8417,S,False,Miss
679,0.0,3,female,43.0,1,6,46.9,S,False,Mrs
680,1.0,1,male,36.0,0,1,512.3292,C,True,Mr
681,0.0,3,female,,0,0,8.1375,Q,False,Miss
682,1.0,1,male,27.0,0,0,76.7292,C,True,Mr
683,0.0,3,male,20.0,0,0,9.225,S,False,Mr
684,0.0,3,male,14.0,5,2,46.9,S,False,Mr
685,0.0,2,male,60.0,1,1,39.0,S,False,Mr
686,0.0,2,male,25.0,1,2,41.5792,C,False,Mr
687,0.0,3,male,14.0,4,1,39.6875,S,False,Mr
688,0.0,3,male,19.0,0,0,10.1708,S,False,Mr
689,0.0,3,male,18.0,0,0,7.7958,S,False,Mr
690,1.0,1,female,15.0,0,1,211.3375,S,True,Miss
691,1.0,1,male,31.0,1,0,57.0,S,True,Mr
692,1.0,3,female,4.0,0,1,13.4167,C,False,Miss
693,1.0,3,male,,0,0,56.4958,S,False,Mr
694,0.0,3,male,25.0,0,0,7.225,C,False,Mr
695,0.0,1,male,60.0,0,0,26.55,S,False,Col
696,0.0,2,male,52.0,0,0,13.5,S,False,Mr
697,0.0,3,male,44.0,0,0,8.05,S,False,Mr
698,1.0,3,female,,0,0,7.7333,Q,False,Miss
699,0.0,1,male,49.0,1,1,110.8833,C,True,Mr
700,0.0,3,male,42.0,0,0,7.65,S,True,Mr
701,1.0,1,female,18.0,1,0,227.525,C,True,Mrs
702,1.0,1,male,35.0,0,0,26.2875,S,True,Mr
703,0.0,3,female,18.0,0,1,14.4542,C,False,Miss
704,0.0,3,male,25.0,0,0,7.7417,Q,False,Mr
705,0.0,3,male,26.0,1,0,7.8542,S,False,Mr
706,0.0,2,male,39.0,0,0,26.0,S,False,Mr
707,1.0,2,female,45.0,0,0,13.5,S,False,Mrs
708,1.0,1,male,42.0,0,0,26.2875,S,True,Mr
709,1.0,1,female,22.0,0,0,151.55,S,False,Miss
710,1.0,3,male,,1,1,15.2458,C,False,Master
711,1.0,1,female,24.0,0,0,49.5042,C,True,Mlle
712,0.0,1,male,,0,0,26.55,S,True,Mr
713,1.0,1,male,48.0,1,0,52.0,S,True,Mr
714,0.0,3,male,29.0,0,0,9.4833,S,False,Mr
715,0.0,2,male,52.0,0,0,13.0,S,False,Mr
716,0.0,3,male,19.0,0,0,7.65,S,True,Mr
717,1.0,1,female,38.0,0,0,227.525,C,True,Miss
718,1.0,2,female,27.0,0,0,10.5,S,True,Miss
719,0.0,3,male,,0,0,15.5,Q,False,Mr
720,0.0,3,male,33.0,0,0,7.775,S,False,Mr
721,1.0,2,female,6.0,0,1,33.0,S,False,Miss
722,0.0,3,male,17.0,1,0,7.0542,S,False,Mr
723,0.0,2,male,34.0,0,0,13.0,S,False,Mr
724,0.0,2,male,50.0,0,0,13.0,S,False,Mr
725,1.0,1,male,27.0,1,0,53.1,S,True,Mr
726,0.0,3,male,20.0,0,0,8.6625,S,False,Mr
727,1.0,2,female,30.0,3,0,21.0,S,False,Mrs
728,1.0,3,female,,0,0,7.7375,Q,False,Miss
729,0.0,2,male,25.0,1,0,26.0,S,False,Mr
730,0.0,3,female,25.0,1,0,7.925,S,False,Miss
731,1.0,1,female,29.0,0,0,211.3375,S,True,Miss
732,0.0,3,male,11.0,0,0,18.7875,C,False,Mr
733,0.0,2,male,,0,0,0.0,S,False,Mr
734,0.0,2,male,23.0,0,0,13.0,S,False,Mr
735,0.0,2,male,23.0,0,0,13.0,S,False,Mr
736,0.0,3,male,28.5,0,0,16.1,S,False,Mr
737,0.0,3,female,48.0,1,3,34.375,S,False,Mrs
738,1.0,1,male,35.0,0,0,512.3292,C,True,Mr
739,0.0,3,male,,0,0,7.8958,S,False,Mr
740,0.0,3,male,,0,0,7.8958,S,False,Mr
741,1.0,1,male,,0,0,30.0,S,True,Mr
742,0.0,1,male,36.0,1,0,78.85,S,True,Mr
743,1.0,1,female,21.0,2,2,262.375,C,True,Miss
744,0.0,3,male,24.0,1,0,16.1,S,False,Mr
745,1.0,3,male,31.0,0,0,7.925,S,False,Mr
746,0.0,1,male,70.0,1,1,71.0,S,True,Capt
747,0.0,3,male,16.0,1,1,20.25,S,False,Mr
748,1.0,2,female,30.0,0,0,13.0,S,False,Miss
749,0.0,1,male,19.0,1,0,53.1,S,True,Mr
750,0.0,3,male,31.0,0,0,7.75,Q,False,Mr
751,1.0,2,female,4.0,1,1,23.0,S,False,Miss
752,1.0,3,male,6.0,0,1,12.475,S,True,Master
753,0.0,3,male,33.0,0,0,9.5,S,False,Mr
754,0.0,3,male,23.0,0,0,7.8958,S,False,Mr
755,1.0,2,female,48.0,1,2,65.0,S,False,Mrs
756,1.0,2,male,0.67,1,1,14.5,S,False,Master
757,0.0,3,male,28.0,0,0,7.7958,S,False,Mr
758,0.0,2,male,18.0,0,0,11.5,S,False,Mr
759,0.0,3,male,34.0,0,0,8.05,S,False,Mr
760,1.0,1,female,33.0,0,0,86.5,S,True,the Countess
761,0.0,3,male,,0,0,14.5,S,False,Mr
762,0.0,3,male,41.0,0,0,7.125,S,False,Mr
763,1.0,3,male,20.0,0,0,7.2292,C,False,Mr
764,1.0,1,female,36.0,1,2,120.0,S,True,Mrs
765,0.0,3,male,16.0,0,0,7.775,S,False,Mr
766,1.0,1,female,51.0,1,0,77.9583,S,True,Mrs
767,0.0,1,male,,0,0,39.6,C,False,Dr
768,0.0,3,female,30.5,0,0,7.75,Q,False,Miss
769,0.0,3,male,,1,0,24.15,Q,False,Mr
770,0.0,3,male,32.0,0,0,8.3625,S,False,Mr
771,0.0,3,male,24.0,0,0,9.5,S,False,Mr
772,0.0,3,male,48.0,0,0,7.8542,S,False,Mr
773,0.0,2,female,57.0,0,0,10.5,S,True,Mrs
774,0.0,3,male,,0,0,7.225,C,False,Mr
775,1.0,2,female,54.0,1,3,23.0,S,False,Mrs
776,0.0,3,male,18.0,0,0,7.75,S,False,Mr
777,0.0,3,male,,0,0,7.75,Q,True,Mr
778,1.0,3,female,5.0,0,0,12.475,S,False,Miss
779,0.0,3,male,,0,0,7.7375,Q,False,Mr
780,1.0,1,female,43.0,0,1,211.3375,S,True,Mrs
781,1.0,3,female,13.0,0,0,7.2292,C,False,Miss
782,1.0,1,female,17.0,1,0,57.0,S,True,Mrs
783,0.0,1,male,29.0,0,0,30.0,S,True,Mr
784,0.0,3,male,,1,2,23.45,S,False,Mr
785,0.0,3,male,25.0,0,0,7.05,S,False,Mr
786,0.0,3,male,25.0,0,0,7.25,S,False,Mr
787,1.0,3,female,18.0,0,0,7.4958,S,False,Miss
788,0.0,3,male,8.0,4,1,29.125,Q,False,Master
789,1.0,3,male,1.0,1,2,20.575,S,False,Master
790,0.0,1,male,46.0,0,0,79.2,C,True,Mr
791,0.0,3,male,,0,0,7.75,Q,False,Mr
792,0.0,2,male,16.0,0,0,26.0,S,False,Mr
793,0.0,3,female,,8,2,69.55,S,False,Miss
794,0.0,1,male,,0,0,30.6958,C,False,Mr
795,0.0,3,male,25.0,0,0,7.8958,S,False,Mr
796,0.0,2,male,39.0,0,0,13.0,S,False,Mr
797,1.0,1,female,49.0,0,0,25.9292,S,True,Dr
798,1.0,3,female,31.0,0,0,8.6833,S,False,Mrs
799,0.0,3,male,30.0,0,0,7.2292,C,False,Mr
800,0.0,3,female,30.0,1,1,24.15,S,False,Mrs
801,0.0,2,male,34.0,0,0,13.0,S,False,Mr
802,1.0,2,female,31.0,1,1,26.25,S,False,Mrs
803,1.0,1,male,11.0,1,2,120.0,S,True,Master
804,1.0,3,male,0.42,0,1,8.5167,C,False,Master
805,1.0,3,male,27.0,0,0,6.975,S,False,Mr
806,0.0,3,male,31.0,0,0,7.775,S,False,Mr
807,0.0,1,male,39.0,0,0,0.0,S,True,Mr
808,0.0,3,female,18.0,0,0,7.775,S,False,Miss
809,0.0,2,male,39.0,0,0,13.0,S,False,Mr
810,1.0,1,female,33.0,1,0,53.1,S,True,Mrs
811,0.0,3,male,26.0,0,0,7.8875,S,False,Mr
812,0.0,3,male,39.0,0,0,24.15,S,False,Mr
813,0.0,2,male,35.0,0,0,10.5,S,False,Mr
814,0.0,3,female,6.0,4,2,31.275,S,False,Miss
815,0.0,3,male,30.5,0,0,8.05,S,False,Mr
816,0.0,1,male,,0,0,0.0,S,True,Mr
817,0.0,3,female,23.0,0,0,7.925,S,False,Miss
818,0.0,2,male,31.0,1,1,37.0042,C,False,Mr
819,0.0,3,male,43.0,0,0,6.45,S,False,Mr
820,0.0,3,male,10.0,3,2,27.9,S,False,Master
821,1.0,1,female,52.0,1,1,93.5,S,True,Mrs
822,1.0,3,male,27.0,0,0,8.6625,S,False,Mr
823,0.0,1,male,38.0,0,0,0.0,S,False,Jonkheer
824,1.0,3,female,27.0,0,1,12.475,S,True,Mrs
825,0.0,3,male,2.0,4,1,39.6875,S,False,Master
826,0.0,3,male,,0,0,6.95,Q,False,Mr
827,0.0,3,male,,0,0,56.4958,S,False,Mr
828,1.0,2,male,1.0,0,2,37.0042,C,False,Master
829,1.0,3,male,,0,0,7.75,Q,False,Mr
830,1.0,1,female,62.0,0,0,80.0,,True,Mrs
831,1.0,3,female,15.0,1,0,14.4542,C,False,Mrs
832,1.0,2,male,0.83,1,1,18.75,S,False,Master
833,0.0,3,male,,0,0,7.2292,C,False,Mr
834,0.0,3,male,23.0,0,0,7.8542,S,False,Mr
835,0.0,3,male,18.0,0,0,8.3,S,False,Mr
836,1.0,1,female,39.0,1,1,83.1583,C,True,Miss
837,0.0,3,male,21.0,0,0,8.6625,S,False,Mr
838,0.0,3,male,,0,0,8.05,S,False,Mr
839,1.0,3,male,32.0,0,0,56.4958,S,False,Mr
840,1.0,1,male,,0,0,29.7,C,True,Mr
841,0.0,3,male,20.0,0,0,7.925,S,False,Mr
842,0.0,2,male,16.0,0,0,10.5,S,False,Mr
843,1.0,1,female,30.0,0,0,31.0,C,False,Miss
844,0.0,3,male,34.5,0,0,6.4375,C,False,Mr
845,0.0,3,male,17.0,0,0,8.6625,S,False,Mr
846,0.0,3,male,42.0,0,0,7.55,S,False,Mr
847,0.0,3,male,,8,2,69.55,S,False,Mr
848,0.0,3,male,35.0,0,0,7.8958,C,False,Mr
849,0.0,2,male,28.0,0,1,33.0,S,False,Rev
850,1.0,1,female,,1,0,89.1042,C,True,Mrs
851,0.0,3,male,4.0,4,2,31.275,S,False,Master
852,0.0,3,male,74.0,0,0,7.775,S,False,Mr
853,0.0,3,female,9.0,1,1,15.2458,C,False,Miss
854,1.0,1,female,16.0,0,1,39.4,S,True,Miss
855,0.0,2,female,44.0,1,0,26.0,S,False,Mrs
856,1.0,3,female,18.0,0,1,9.35,S,False,Mrs
857,1.0,1,female,45.0,1,1,164.8667,S,False,Mrs
858,1.0,1,male,51.0,0,0,26.55,S,True,Mr
859,1.0,3,female,24.0,0,3,19.2583,C,False,Mrs
860,0.0,3,male,,0,0,7.2292,C,False,Mr
861,0.0,3,male,41.0,2,0,14.1083,S,False,Mr
862,0.0,2,male,21.0,1,0,11.5,S,False,Mr
863,1.0,1,female,48.0,0,0,25.9292,S,True,Mrs
864,0.0,3,female,,8,2,69.55,S,False,Miss
865,0.0,2,male,24.0,0,0,13.0,S,False,Mr
866,1.0,2,female,42.0,0,0,13.0,S,False,Mrs
867,1.0,2,female,27.0,1,0,13.8583,C,False,Miss
868,0.0,1,male,31.0,0,0,50.4958,S,True,Mr
869,0.0,3,male,,0,0,9.5,S,False,Mr
870,1.0,3,male,4.0,1,1,11.1333,S,False,Master
871,0.0,3,male,26.0,0,0,7.8958,S,False,Mr
872,1.0,1,female,47.0,1,1,52.5542,S,True,Mrs
873,0.0,1,male,33.0,0,0,5.0,S,True,Mr
874,0.0,3,male,47.0,0,0,9.0,S,False,Mr
875,1.0,2,female,28.0,1,0,24.0,C,False,Mrs
876,1.0,3,female,15.0,0,0,7.225,C,False,Miss
877,0.0,3,male,20.0,0,0,9.8458,S,False,Mr
878,0.0,3,male,19.0,0,0,7.8958,S,False,Mr
879,0.0,3,male,,0,0,7.8958,S,False,Mr
880,1.0,1,female,56.0,0,1,83.1583,C,True,Mrs
881,1.0,2,female,25.0,0,1,26.0,S,False,Mrs
882,0.0,3,male,33.0,0,0,7.8958,S,False,Mr
883,0.0,3,female,22.0,0,0,10.5167,S,False,Miss
884,0.0,2,male,28.0,0,0,10.5,S,False,Mr
885,0.0,3,male,25.0,0,0,7.05,S,False,Mr
886,0.0,3,female,39.0,0,5,29.125,Q,False,Mrs
887,0.0,2,male,27.0,0,0,13.0,S,False,Rev
888,1.0,1,female,19.0,0,0,30.0,S,True,Miss
889,0.0,3,female,,1,2,23.45,S,False,Miss
890,1.0,1,male,26.0,0,0,30.0,C,True,Mr
891,0.0,3,male,32.0,0,0,7.75,Q,False,Mr
